{
  "alarm": {
    "precision": 0.9,
    "recall": 0.8411214953271028,
    "f1-score": 0.8695652173913043,
    "support": 107.0
  },
  "baby": {
    "precision": 0.8235294117647058,
    "recall": 0.8484848484848485,
    "f1-score": 0.8358208955223881,
    "support": 99.0
  },
  "crash": {
    "precision": 0.7906976744186046,
    "recall": 0.7472527472527473,
    "f1-score": 0.7683615819209039,
    "support": 91.0
  },
  "dog": {
    "precision": 0.7662337662337663,
    "recall": 0.6145833333333334,
    "f1-score": 0.6820809248554913,
    "support": 96.0
  },
  "engine": {
    "precision": 0.8571428571428571,
    "recall": 0.8648648648648649,
    "f1-score": 0.8609865470852017,
    "support": 111.0
  },
  "fire": {
    "precision": 0.8620689655172413,
    "recall": 0.7211538461538461,
    "f1-score": 0.7853403141361256,
    "support": 104.0
  },
  "footsteps": {
    "precision": 0.7640449438202247,
    "recall": 0.7311827956989247,
    "f1-score": 0.7472527472527474,
    "support": 93.0
  },
  "knock": {
    "precision": 0.9032258064516129,
    "recall": 0.7924528301886793,
    "f1-score": 0.8442211055276382,
    "support": 106.0
  },
  "phone": {
    "precision": 0.7288135593220338,
    "recall": 0.9247311827956989,
    "f1-score": 0.8151658767772512,
    "support": 93.0
  },
  "piano": {
    "precision": 0.9583333333333334,
    "recall": 0.69,
    "f1-score": 0.8023255813953488,
    "support": 100.0
  },
  "micro avg": {
    "precision": 0.8322649572649573,
    "recall": 0.779,
    "f1-score": 0.8047520661157025,
    "support": 1000.0
  },
  "macro avg": {
    "precision": 0.8354090318004379,
    "recall": 0.7775827944100046,
    "f1-score": 0.80111207918644,
    "support": 1000.0
  },
  "weighted avg": {
    "precision": 0.8385504808613251,
    "recall": 0.779,
    "f1-score": 0.8034602464153843,
    "support": 1000.0
  },
  "samples avg": {
    "precision": 0.8661666666666668,
    "recall": 0.779,
    "f1-score": 0.7965333333333333,
    "support": 1000.0
  }
}