{
  "alarm": {
    "precision": 0.8493723849372385,
    "recall": 0.8675213675213675,
    "f1-score": 0.8583509513742072,
    "support": 234.0
  },
  "baby": {
    "precision": 0.9004739336492891,
    "recall": 0.8482142857142857,
    "f1-score": 0.8735632183908044,
    "support": 224.0
  },
  "crash": {
    "precision": 0.9536082474226805,
    "recall": 0.7459677419354839,
    "f1-score": 0.8371040723981901,
    "support": 248.0
  },
  "dog": {
    "precision": 0.8682634730538922,
    "recall": 0.7142857142857143,
    "f1-score": 0.7837837837837838,
    "support": 203.0
  },
  "engine": {
    "precision": 0.7901234567901234,
    "recall": 0.927536231884058,
    "f1-score": 0.8533333333333333,
    "support": 207.0
  },
  "femaleScream": {
    "precision": 0.8844444444444445,
    "recall": 0.8844444444444445,
    "f1-score": 0.8844444444444445,
    "support": 225.0
  },
  "femaleSpeech": {
    "precision": 0.96875,
    "recall": 0.9538461538461539,
    "f1-score": 0.9612403100775193,
    "support": 260.0
  },
  "fire": {
    "precision": 0.9217877094972067,
    "recall": 0.7051282051282052,
    "f1-score": 0.7990314769975787,
    "support": 234.0
  },
  "footsteps": {
    "precision": 0.9158878504672897,
    "recall": 0.8412017167381974,
    "f1-score": 0.8769574944071589,
    "support": 233.0
  },
  "knock": {
    "precision": 0.8803827751196173,
    "recall": 0.8141592920353983,
    "f1-score": 0.8459770114942529,
    "support": 226.0
  },
  "maleScream": {
    "precision": 0.9731182795698925,
    "recall": 0.7735042735042735,
    "f1-score": 0.861904761904762,
    "support": 234.0
  },
  "maleSpeech": {
    "precision": 0.9906976744186047,
    "recall": 0.8987341772151899,
    "f1-score": 0.9424778761061946,
    "support": 237.0
  },
  "phone": {
    "precision": 0.9647058823529412,
    "recall": 0.7161572052401747,
    "f1-score": 0.8220551378446116,
    "support": 229.0
  },
  "piano": {
    "precision": 0.8439024390243902,
    "recall": 0.8398058252427184,
    "f1-score": 0.8418491484184915,
    "support": 206.0
  },
  "silence": {
    "precision": 0.0,
    "recall": 0.0,
    "f1-score": 0.0,
    "support": 0.0
  },
  "micro avg": {
    "precision": 0.9055956059045658,
    "recall": 0.824375,
    "f1-score": 0.8630786847701619,
    "support": 3200.0
  },
  "macro avg": {
    "precision": 0.8470345700498407,
    "recall": 0.768700442315711,
    "f1-score": 0.8028048680650222,
    "support": 3200.0
  },
  "weighted avg": {
    "precision": 0.9103048316474204,
    "recall": 0.824375,
    "f1-score": 0.8618826470936339,
    "support": 3200.0
  },
  "samples avg": {
    "precision": 0.9258333333333333,
    "recall": 0.824375,
    "f1-score": 0.8513333333333333,
    "support": 3200.0
  }
}